erf_number;street_number;street_name;suburb;postal_code
27664;2;Chesnut Close;Altona Village;6850
27704;1;Chestnut Close;Altona Village;6850
27705;3;Chestnut Close;Altona Village;6850
27706;5;Chestnut Close;Altona Village;6850
27608;2;Coral Tree Avenue;Altona Village;6850
27609;4;Coral Tree Avenue;Altona Village;6850
27619;3;Coral Tree Avenue;Altona Village;6850
27620;1;Coral Tree Avenue;Altona Village;6850
27663;6;Coral Tree Avenue;Altona Village;6850
27665;7;Coral Tree Avenue;Altona Village;6850
27666;9;Coral Tree Avenue;Altona Village;6850
27667;11;Coral Tree Avenue;Altona Village;6850
27668;13;Coral Tree Avenue;Altona Village;6850
27669;15;Coral Tree Avenue;Altona Village;6850
27670;17;Coral Tree Avenue;Altona Village;6850
27671;19;Coral Tree Avenue;Altona Village;6850
27695;8;Coral Tree Avenue;Altona Village;6850
27696;10;Coral Tree Avenue;Altona Village;6850
27697;12;Coral Tree Avenue;Altona Village;6850
27698;14;Coral Tree Avenue;Altona Village;6850
27703;5;Coral Tree Avenue;Altona Village;6850
27855;16;Coral Tree Avenue;Altona Village;6850
27856;18;Coral Tree Avenue;Altona Village;6850
27857;20;Coral Tree Avenue;Altona Village;6850
27858;22;Coral Tree Avenue;Altona Village;6850
27859;24;Coral Tree Avenue;Altona Village;6850
27860;26;Coral Tree Avenue;Altona Village;6850
27862;21;Coral Tree Avenue;Altona Village;6850
27864;23;Coral Tree Avenue;Altona Village;6850
27865;28;Coral Tree Avenue;Altona Village;6850
28004;25;Coral Tree Avenue;Altona Village;6850
27863;1;Ebony street;Altona Village;6850
27882;14;Ebony street;Altona Village;6850
27883;12;Ebony street;Altona Village;6850
27884;10;Ebony street;Altona Village;6850
27885;8;Ebony street;Altona Village;6850
27886;6;Ebony street;Altona Village;6850
27887;4;Ebony street;Altona Village;6850
27888;2;Ebony street;Altona Village;6850
27889;3;Ebony street;Altona Village;6850
27890;5;Ebony street;Altona Village;6850
27891;7;Ebony street;Altona Village;6850
27892;9;Ebony street;Altona Village;6850
27893;11;Ebony street;Altona Village;6850
27894;13;Ebony street;Altona Village;6850
27895;15;Ebony street;Altona Village;6850
27896;17;Ebony street;Altona Village;6850
27897;19;Ebony street;Altona Village;6850
27898;21;Ebony street;Altona Village;6850
27899;23;Ebony street;Altona Village;6850
27900;25;Ebony street;Altona Village;6850
27901;16;Ebony street;Altona Village;6850
27672;1;Ironwood Street;Altona Village;6850
27673;3;Ironwood Street;Altona Village;6850
27674;5;Ironwood Street;Altona Village;6850
27675;7;Ironwood Street;Altona Village;6850
27676;8;Ironwood Street;Altona Village;6850
27687;6;Ironwood Street;Altona Village;6850
27688;4;Ironwood Street;Altona Village;6850
27699;2;Ironwood Street;Altona Village;6850
27847;6;Leadwood Street;Altona Village;6850
27848;4;Leadwood Street;Altona Village;6850
27861;2;Leadwood street;Altona Village;6850
27866;1;Leadwood street;Altona Village;6850
27867;3;Leadwood street;Altona Village;6850
27868;5;Leadwood street;Altona Village;6850
27832;36;MIilkwood Avenue;Altona Village;6850
27647;32;Milkwood Avenue;Altona Village;6850
27648;30;Milkwood Avenue;Altona Village;6850
27649;28;Milkwood Avenue;Altona Village;6850
27650;26;Milkwood Avenue;Altona Village;6850
27651;24;Milkwood Avenue;Altona Village;6850
27652;22;Milkwood Avenue;Altona Village;6850
27653;20;Milkwood Avenue;Altona Village;6850
27654;18;Milkwood Avenue;Altona Village;6850
27655;16;Milkwood Avenue;Altona Village;6850
27656;14;Milkwood Avenue;Altona Village;6850
27657;12;Milkwood Avenue;Altona Village;6850
27658;10;Milkwood Avenue;Altona Village;6850
27659;8;Milkwood Avenue;Altona Village;6850
27660;6;Milkwood Avenue;Altona Village;6850
27661;4;Milkwood Avenue;Altona Village;6850
27662;2;Milkwood Avenue;Altona Village;6850
27677;15;Milkwood Avenue;Altona Village;6850
27678;13;Milkwood Avenue;Altona Village;6850
27679;11;Milkwood Avenue;Altona Village;6850
27680;9;Milkwood Avenue;Altona Village;6850
27681;7;Milkwood Avenue;Altona Village;6850
27682;5;Milkwood Avenue;Altona Village;6850
27693;3;Milkwood Avenue;Altona Village;6850
27694;1;Milkwood Avenue;Altona Village;6850
27806;66;Milkwood Avenue;Altona Village;6850
27807;64;Milkwood Avenue;Altona Village;6850
27808;62;Milkwood Avenue;Altona Village;6850
27809;60;Milkwood Avenue;Altona Village;6850
27810;58;Milkwood Avenue;Altona Village;6850
27811;56;Milkwood Avenue;Altona Village;6850
27812;54;Milkwood Avenue;Altona Village;6850
27813;52;Milkwood Avenue;Altona Village;6850
27814;33;Milkwood Avenue;Altona Village;6850
27815;35;Milkwood Avenue;Altona Village;6850
27816;37;Milkwood Avenue;Altona Village;6850
27825;50;Milkwood Avenue;Altona Village;6850
27826;48;Milkwood Avenue;Altona Village;6850
27827;46;Milkwood Avenue;Altona Village;6850
27828;44;Milkwood Avenue;Altona Village;6850
27829;42;Milkwood Avenue;Altona Village;6850
27830;40;Milkwood Avenue;Altona Village;6850
27831;38;Milkwood Avenue;Altona Village;6850
27833;34;Milkwood Avenue;Altona Village;6850
27834;29;Milkwood Avenue;Altona Village;6850
27835;27;Milkwood Avenue;Altona Village;6850
27836;25;Milkwood Avenue;Altona Village;6850
27837;23;Milkwood Avenue;Altona Village;6850
27838;21;Milkwood Avenue;Altona Village;6850
27839;19;Milkwood Avenue;Altona Village;6850
27840;17;Milkwood Avenue;Altona Village;6850
27869;31;Milkwood Avenue;Altona Village;6850
28019;72;Milkwood Avenue;Altona Village;6850
28020;70;Milkwood Avenue;Altona Village;6850
28021;68;Milkwood Avenue;Altona Village;6850
28022;39;Milkwood Avenue;Altona Village;6850
27881;2;Oldwood street;Altona Village;6850
27902;1;Oldwood street;Altona Village;6850
27903;3;Oldwood street;Altona Village;6850
27904;5;Oldwood street;Altona Village;6850
28047;4;Oldwood street;Altona Village;6850
28049;7;Oldwood street;Altona Village;6850
27683;2;Rockwood Street;Altona Village;6850
27684;4;Rockwood Street;Altona Village;6850
27685;6;Rockwood Street;Altona Village;6850
27686;8;Rockwood Street;Altona Village;6850
27689;7;Rockwood Street;Altona Village;6850
27690;5;Rockwood Street;Altona Village;6850
27691;3;Rockwood Street;Altona Village;6850
27692;1;Rockwood Street;Altona Village;6850
27841;10;Rockwood Street;Altona Village;6850
27842;12;Rockwood Street;Altona Village;6850
27843;14;Rockwood Street;Altona Village;6850
27844;16;Rockwood Street;Altona Village;6850
27845;18;Rockwood Street;Altona Village;6850
27846;20;Rockwood Street;Altona Village;6850
27849;19;Rockwood Street;Altona Village;6850
27850;17;Rockwood Street;Altona Village;6850
27851;15;Rockwood Street;Altona Village;6850
27852;13;Rockwood Street;Altona Village;6850
27853;11;Rockwood Street;Altona Village;6850
27854;9;Rockwood Street;Altona Village;6850
27817;1;Rosewood Avenue;Altona Village;6850
27818;3;Rosewood Avenue;Altona Village;6850
27819;5;Rosewood Avenue;Altona Village;6850
27820;7;Rosewood Avenue;Altona Village;6850
27821;9;Rosewood Avenue;Altona Village;6850
27871;11;Rosewood Avenue;Altona Village;6850
27872;13;Rosewood Avenue;Altona Village;6850
27873;15;Rosewood Avenue;Altona Village;6850
27874;17;Rosewood Avenue;Altona Village;6850
27875;19;Rosewood Avenue;Altona Village;6850
27876;21;Rosewood Avenue;Altona Village;6850
27877;23;Rosewood Avenue;Altona Village;6850
27878;25;Rosewood Avenue;Altona Village;6850
27879;27;Rosewood Avenue;Altona Village;6850
27880;29;Rosewood Avenue;Altona Village;6850
28023;2;Rosewood Avenue;Altona Village;6850
28024;4;Rosewood Avenue;Altona Village;6850
28025;6;Rosewood Avenue;Altona Village;6850
28026;8;Rosewood Avenue;Altona Village;6850
28027;10;Rosewood Avenue;Altona Village;6850
28028;12;Rosewood Avenue;Altona Village;6850
28029;14;Rosewood Avenue;Altona Village;6850
28030;16;Rosewood Avenue;Altona Village;6850
28031;18;Rosewood Avenue;Altona Village;6850
28032;20;Rosewood Avenue;Altona Village;6850
28033;22;Rosewood Avenue;Altona Village;6850
28034;24;Rosewood Avenue;Altona Village;6850
28035;26;Rosewood Avenue;Altona Village;6850
28039;28;Rosewood Avenue;Altona Village;6850
28040;30;Rosewood Avenue;Altona Village;6850
28041;32;Rosewood Avenue;Altona Village;6850
28042;34;Rosewood Avenue;Altona Village;6850
28043;36;Rosewood Avenue;Altona Village;6850
28044;38;Rosewood Avenue;Altona Village;6850
28045;40;Rosewood Avenue;Altona Village;6850
28046;42;Rosewood Avenue;Altona Village;6850
27596;3;Sagewood Close;Altona Village;6850
27597;4;Sagewood Close;Altona Village;6850
27598;5;Sagewood Close;Altona Village;6850
27599;6;Sagewood Close;Altona Village;6850
27600;7;Sagewood Close;Altona Village;6850
27601;8;Sagewood Close;Altona Village;6850
27602;9;Sagewood Close;Altona Village;6850
27603;10;Sagewood Close;Altona Village;6850
27604;11;Sagewood Close;Altona Village;6850
27605;12;Sagewood Close;Altona Village;6850
27606;13;Sagewood Close;Altona Village;6850
27607;14;Sagewood Close;Altona Village;6850
27610;1;Sagewood Close;Altona Village;6850
27611;2;Sagewood Close;Altona Village;6850
27614;49;Yellowwood Crescent;Altona Village;6850
27615;51;Yellowwood Crescent;Altona Village;6850
27616;53;Yellowwood Crescent;Altona Village;6850
27617;55;Yellowwood Crescent;Altona Village;6850
27618;57;Yellowwood Crescent;Altona Village;6850
27621;2;Yellowwood Crescent;Altona Village;6850
27622;4;Yellowwood Crescent;Altona Village;6850
27623;6;Yellowwood Crescent;Altona Village;6850
27624;8;Yellowwood Crescent;Altona Village;6850
27625;10;Yellowwood Crescent;Altona Village;6850
27626;26;Yellowwood Crescent;Altona Village;6850
27627;28;Yellowwood Crescent;Altona Village;6850
27628;30;Yellowwood Crescent;Altona Village;6850
27629;32;Yellowwood Crescent;Altona Village;6850
27630;34;Yellowwood Crescent;Altona Village;6850
27631;1;Yellowwood Crescent;Altona Village;6850
27632;3;Yellowwood Crescent;Altona Village;6850
27633;5;Yellowwood Crescent;Altona Village;6850
27634;7;Yellowwood Crescent;Altona Village;6850
27635;9;Yellowwood Crescent;Altona Village;6850
27636;11;Yellowwood Crescent;Altona Village;6850
27637;13;Yellowwood Crescent;Altona Village;6850
27638;15;Yellowwood Crescent;Altona Village;6850
27639;17;Yellowwood Crescent;Altona Village;6850
27640;19;Yellowwood Crescent;Altona Village;6850
27641;21;Yellowwood Crescent;Altona Village;6850
27642;23;Yellowwood Crescent;Altona Village;6850
27643;16;Yellowwood Crescent;Altona Village;6850
27644;14;Yellowwood Crescent;Altona Village;6850
27645;12;Yellowwood Crescent;Altona Village;6850
27713;39;Yellowwood Crescent;Altona Village;6850
27714;41;Yellowwood Crescent;Altona Village;6850
27715;43;Yellowwood Crescent;Altona Village;6850
27716;45;Yellowwood Crescent;Altona Village;6850
27717;47;Yellowwood Crescent;Altona Village;6850
27718;24;Yellowwood Crescent;Altona Village;6850
27719;22;Yellowwood Crescent;Altona Village;6850
27720;20;Yellowwood Crescent;Altona Village;6850
27721;18;Yellowwood Crescent;Altona Village;6850
27723;25;Yellowwood Crescent;Altona Village;6850
27724;27;Yellowwood Crescent;Altona Village;6850
27725;29;Yellowwood Crescent;Altona Village;6850
27726;31;Yellowwood Crescent;Altona Village;6850
27727;33;Yellowwood Crescent;Altona Village;6850
27728;35;Yellowwood Crescent;Altona Village;6850
27729;37;Yellowwood Crescent;Altona Village;6850
