<?xml version="1.0" encoding="UTF-8"?>
<project version="4">
  <component name="ChangeListManager">
    <list default="true" id="cb2bced2-d3e7-4582-b3a0-cd02f72c50d1" name="Changes" comment="">
      <change afterPath="$PROJECT_DIR$/.run/Altona_Village_CMS.run.xml" afterDir="false" />
    </list>
    <option name="SHOW_DIALOG" value="false" />
    <option name="HIGHLIGHT_CONFLICTS" value="true" />
    <option name="HIGHLIGHT_NON_ACTIVE_CHANGELIST" value="false" />
    <option name="LAST_RESOLUTION" value="IGNORE" />
  </component>
  <component name="Git.Settings">
    <option name="RECENT_GIT_ROOT_PATH" value="$PROJECT_DIR$" />
  </component>
  <component name="ProjectColorInfo">{
  &quot;associatedIndex&quot;: 7
}</component>
  <component name="ProjectId" id="31YrEtYqjiK9KjC7pqUNOgQGD79" />
  <component name="ProjectViewState">
    <option name="hideEmptyMiddlePackages" value="true" />
    <option name="showLibraryContents" value="true" />
  </component>
  <component name="PropertiesComponent"><![CDATA[{
  "keyToString": {
    "ModuleVcsDetector.initialDetectionPerformed": "true",
    "Python.Altona_Village_CMS.executor": "Debug",
    "RunOnceActivity.ShowReadmeOnStart": "true",
    "RunOnceActivity.git.unshallow": "true",
    "git-widget-placeholder": "main",
    "ignore.virus.scanning.warn.message": "true",
    "last_opened_file_path": "C:/Altona_Village_CMS",
    "nodejs_package_manager_path": "npm",
    "vue.rearranger.settings.migration": "true"
  }
}]]></component>
  <component name="SharedIndexes">
    <attachedChunks>
      <set>
        <option value="bundled-js-predefined-d6986cc7102b-e03c56caf84a-JavaScript-PY-252.23892.515" />
        <option value="bundled-python-sdk-7e47963ff851-f0eec537fc84-com.jetbrains.pycharm.pro.sharedIndexes.bundled-PY-252.23892.515" />
      </set>
    </attachedChunks>
  </component>
  <component name="TaskManager">
    <task active="true" id="Default" summary="Default task">
      <changelist id="cb2bced2-d3e7-4582-b3a0-cd02f72c50d1" name="Changes" comment="" />
      <created>1755711739732</created>
      <option name="number" value="Default" />
      <option name="presentableId" value="Default" />
      <updated>1755711739732</updated>
      <workItem from="1755711740763" duration="19000" />
      <workItem from="1755712051860" duration="256000" />
    </task>
    <servers />
  </component>
  <component name="TypeScriptGeneratedFilesManager">
    <option name="version" value="3" />
  </component>
  <component name="com.intellij.coverage.CoverageDataManagerImpl">
    <SUITE FILE_PATH="coverage/Altona_Village_CMS$Altona_Village_CMS.coverage" NAME="Altona_Village_CMS Coverage Results" MODIFIED="1755712213604" SOURCE_PROVIDER="com.intellij.coverage.DefaultCoverageFileProvider" RUNNER="coverage.py" COVERAGE_BY_TEST_ENABLED="false" COVERAGE_TRACING_ENABLED="false" WORKING_DIRECTORY="" />
  </component>
</project>